aircraftRegistration	flightNumber	airlineCode_iata	airlineCode_icao	jointFlightNumber	origin_iata	origin_icao	via_iata	via_icao	destination_iata	destination_icao	aircraft_iata	aircraft_icao	flightStatusCode	scheduledDateTime	aircraftParkingPosition	baggageClaimUnit	airlineName	originName	viaName	aircraftTerminal
A6EPY	EK 822	EK	UAE	"QF 8822	MK 9943"	DMM	OEDF	None	None	DXB	OMDB	77W	B77W	EST	2024-10-11T01:00:00	B22	14	Emirates	Dammam	None	3
A6EGG	EK 066	EK	UAE	None	STN	EGSS	None	None	DXB	OMDB	77W	B77W	EST	2024-10-11T01:00:00	B21L	9	Emirates	London Stansted	None	3
A6EGC	EK 122	EK	UAE	QF 8122	IST	LTFM	None	None	DXB	OMDB	77W	B77W	EST	2024-10-11T00:55:00	F23	3	Emirates	Istanbul	None	3
A6EOR	EK 369	EK	UAE	GA 8983	DPS	WADD	None	None	DXB	OMDB	388	A388	EST	2024-10-11T00:50:00	A06	10	Emirates	Bali	None	3
A6ENU	EK 162	EK	UAE	QF 8162	DUB	EIDW	None	None	DXB	OMDB	77W	B77W	EST	2024-10-11T00:50:00	G02	13	Emirates	Dublin	None	3
A6ENS	EK 192	EK	UAE	TP 6731	LIS	LPPT	None	None	DXB	OMDB	77W	B77W	EST	2024-10-11T00:50:00	B18L	5	Emirates	Lisbon	None	3
A6EEI	EK 373	EK	UAE	"QF 8373	TG 4507"	BKK	VTBS	None	None	DXB	OMDB	388	A388	EST	2024-10-11T00:50:00	C24	6	Emirates	Bangkok	None	3
A6EGM	EK 547	EK	UAE	None	MAA	VOMM	None	None	DXB	OMDB	77W	B77W	EST	2024-10-11T00:45:00	B05	8	Emirates	Chennai	None	3
A6FEG	FZ 020	FZ	FDB	None	DOH	OTHH	None	None	DXB	OMDB	73H	B738	EST	2024-10-11T00:40:00	Q07	6	Flydubai	Doha	None	2
A6EUO	EK 040	EK	UAE	QF 8040	BHX	EGBB	None	None	DXB	OMDB	388	A388	DLU	2024-10-11T00:40:00	F07	12	Emirates	Birmingham	None	3
A6EEN	EK 016	EK	UAE	QF 8016	LGW	EGKK	None	None	DXB	OMDB	388	A388	EST	2024-10-11T00:40:00	D06	11	Emirates	London Gatwick	None	3
A6EEJ	EK 924	EK	UAE	"QF 8924	MK 9929"	CAI	HECA	None	None	DXB	OMDB	388	A388	EST	2024-10-11T00:40:00	F03	9	Emirates	Cairo	None	3
None	6E 1473	6E	IGO	None	CCJ	VOCL	None	None	DXB	OMDB	32N	A20N	EST	2024-10-11T00:40:00	C56	1	IndiGo	Kozhikode	None	1
A6EEC	EK 142	EK	UAE	"QF 8142	AV 6252"	MAD	LEMD	None	None	DXB	OMDB	388	A388	EST	2024-10-11T00:35:00	A07	7	Emirates	Madrid	None	3
A6EGD	EK 773	EK	UAE	SA 7154	CPT	FACT	None	None	DXB	OMDB	77W	B77W	EST	2024-10-11T00:35:00	None	2	Emirates	Cape Town	None	3
A6ENC	EK 036	EK	UAE	QF 8036	NCL	EGNT	None	None	DXB	OMDB	77W	B77W	EST	2024-10-11T00:30:00	G03	4	Emirates	Newcastle	None	3
A6EWE	EK 248	EK	UAE	None	EZE	SAEZ	GIG	SBGL	DXB	OMDB	77L	B77L	EST	2024-10-11T00:30:00	A02	5	Emirates	Buenos Aires	Rio de Janeiro	3
None	BG 147	BG	BBC	None	DAC	VGHS	CGP	VGEG	DXB	OMDB	789	B789	EST	2024-10-11T00:30:00	C59	8	Biman Bangladesh Airlines	Dhaka	Chittagong	1
A6EOV	EK 074	EK	UAE	"QF 8074	GA 8860"	CDG	LFPG	None	None	DXB	OMDB	388	A388	EST	2024-10-11T00:20:00	F21	10	Emirates	Paris	None	3
A6EVI	EK 002	EK	UAE	"QF 8002	GA 8862"	LHR	EGLL	None	None	DXB	OMDB	388	A388	EST	2024-10-11T00:20:00	D05	None	Emirates	London Heathrow	None	3
A6FNC	FZ 856	FZ	FDB	EK 2265	RUH	OERK	None	None	DXB	OMDB	7M9	B39M	EST	2024-10-11T00:20:00	E07R	4	Flydubai	Riyadh	None	2
A6EOC	EK 018	EK	UAE	"QF 8018	GA 8868"	MAN	EGCC	None	None	DXB	OMDB	388	A388	EST	2024-10-11T00:20:00	D06	13	Emirates	Manchester	None	3
A6EUM	EK 355	EK	UAE	QF 8355	SIN	WSSS	None	None	DXB	OMDB	388	A388	EST	2024-10-11T00:20:00	F18	14	Emirates	Singapore	None	3
None	TK 760	TK	THY	NH 6648	IST	LTFM	None	None	DXB	OMDB	77W	B77W	EST	2024-10-11T00:20:00	C58	5	Turkish Airlines	Istanbul	None	1
A6EOZ	EK 804	EK	UAE	"MK 9963	UA 6593"	JED	OEJN	None	None	DXB	OMDB	388	A388	EST	2024-10-11T00:15:00	D04	None	Emirates	Jeddah	None	3
A6EWF	EK 256	EK	UAE	"QF 8256	TP 6385	AV 6254"	MEX	MMMX	BCN	LEBL	DXB	OMDB	77L	B77L	EST	2024-10-11T00:15:00	B15	1	Emirates	Mexico City	Barcelona	3
A6EWI	EK 603	EK	UAE	"AC 7573	MK 9931"	KHI	OPKC	None	None	DXB	OMDB	77L	B77L	EST	2024-10-11T00:10:00	B14	8	Emirates	Karachi	None	3
A6ENR	EK 529	EK	UAE	None	HYD	VOHS	None	None	DXB	OMDB	77W	B77W	EST	2024-10-11T00:10:00	F26L	2	Emirates	Hyderabad	None	3
A6EEK	EK 078	EK	UAE	QF 8078	NCE	LFMN	None	None	DXB	OMDB	388	A388	EST	2024-10-11T00:10:00	B08	6	Emirates	Nice	None	3
A6FES	FZ 026	FZ	FDB	"AC 7548	EK 2019	UA 6531"	BAH	OBBI	None	None	DXB	OMDB	7S8	B738	EST	2024-10-11T00:10:00	Q04	None	Flydubai	Bahrain	None	2
A6EGK	EK 158	EK	UAE	QF 8158	ARN	ESSA	None	None	DXB	OMDB	77W	B77W	EST	2024-10-11T00:05:00	F25	11	Emirates	Stockholm	None	3
A6EGR	EK 509	EK	UAE	None	BOM	VABB	None	None	DXB	OMDB	77W	B77W	EST	2024-10-11T00:05:00	F12	6	Emirates	Mumbai	None	3
A6FGH	FZ 728	FZ	FDB	EK 2095	IST	LTFM	None	None	DXB	OMDB	7S8	B738	DLU	2024-10-11T00:05:00	E11R	5	Flydubai	Istanbul	None	2
A6EWC	EK 082	EK	UAE	QF 8082	LYS	LFLL	None	None	DXB	OMDB	77L	B77L	EST	2024-10-11T00:00:00	A09	11	Emirates	Lyon	None	3
A6EPC	EK 140	EK	UAE	"QF 8140	GF 5411"	PRG	LKPR	None	None	DXB	OMDB	77W	B77W	EST	2024-10-10T23:55:00	B27	12	Emirates	Prague	None	3
A6EGU	EK 060	EK	UAE	QF 8060	HAM	EDDH	None	None	DXB	OMDB	77W	B77W	EST	2024-10-10T23:55:00	B24	4	Emirates	Hamburg	None	3
A6EPF	EK 515	EK	UAE	None	DEL	VIDP	None	None	DXB	OMDB	77W	B77W	EST	2024-10-10T23:55:00	A04	10	Emirates	New Delhi	None	3
A6EUY	EK 056	EK	UAE	QF 8056	DUS	EDDL	None	None	DXB	OMDB	388	A388	EST	2024-10-10T23:55:00	D08	7	Emirates	Dusseldorf	None	3
A6EOB	EK 148	EK	UAE	QF 8148	AMS	EHAM	None	None	DXB	OMDB	388	A388	EST	2024-10-10T23:55:00	B12	3	Emirates	Amsterdam	None	3
A6EQI	EK 184	EK	UAE	QF 8184	BRU	EBBR	None	None	DXB	OMDB	77W	B77W	EST	2024-10-10T23:55:00	G01	10	Emirates	Brussels	None	3
A6EDW	EK 762	EK	UAE	SA 7160	JNB	FAOR	None	None	DXB	OMDB	388	A388	EST	2024-10-10T23:45:00	B09	2	Emirates	Johannesburg	None	3
A6EDQ	EK 050	EK	UAE	QF 8050	MUC	EDDM	None	None	DXB	OMDB	388	A388	DLU	2024-10-10T23:45:00	B10	14	Emirates	Munich	None	3
A6EPR	EK 152	EK	UAE	QF 8152	CPH	EKCH	None	None	DXB	OMDB	77W	B77W	EST	2024-10-10T23:45:00	D10	13	Emirates	Copenhagen	None	3
A6EQH	EK 090	EK	UAE	QF 8090	GVA	LSGG	None	None	DXB	OMDB	77W	B77W	EST	2024-10-10T23:45:00	A10	1	Emirates	Geneva	None	3
A6EUG	EK 088	EK	UAE	QF 8088	ZRH	LSZH	None	None	DXB	OMDB	388	A388	EST	2024-10-10T23:45:00	B11	9	Emirates	Zurich	None	3
A6EDS	EK 046	EK	UAE	QF 8046	FRA	EDDF	None	None	DXB	OMDB	388	A388	EST	2024-10-10T23:35:00	F13	8	Emirates	Frankfurt	None	3
A6ECJ	EK 210	EK	UAE	"QF 8210	A3 3414"	EWR	KEWR	ATH	LGAV	DXB	OMDB	77W	B77W	EST	2024-10-10T23:35:00	B20	11	Emirates	Newark	Athens	3
A6FKC	FZ 058	FZ	FDB	"EK 2047	UA 6517"	KWI	OKKK	None	None	DXB	OMDB	7M8	B38M	EST	2024-10-10T23:35:00	E13	1	Flydubai	Kuwait	None	2
A6EGA	EK 567	EK	UAE	None	BLR	VOBL	None	None	DXB	OMDB	77W	B77W	EST	2024-10-10T23:30:00	F17	4	Emirates	Bangalore	None	3
None	BI 097	BI	RBA	TK 8301	BWN	WBSB	None	None	DXB	OMDB	788	B788	EST	2024-10-10T23:30:00	C52	7	Royal Brunei Airlines	Brunei	None	1
9HHFJ	KQ 310	KQ	KQA	MU 4930	NBO	HKJK	None	None	DXB	OMDB	332	A332	EST	2024-10-10T23:25:00	C50	1	Kenya Airways	Nairobi	None	1
A6EPN	EK 160	EK	UAE	QF 8160	OSL	ENGM	None	None	DXB	OMDB	77W	B77W	EST	2024-10-10T23:25:00	G08	12	Emirates	Oslo	None	3
A6EPI	EK 112	EK	UAE	"QF 8112	GF 5403"	BUD	LHBP	None	None	DXB	OMDB	77W	B77W	EST	2024-10-10T23:20:00	B26L	7	Emirates	Budapest	None	3
A6EOW	EK 818	EK	UAE	"MK 9953	UA 6581"	RUH	OERK	None	None	DXB	OMDB	388	A388	EST	2024-10-10T23:20:00	A09	3	Emirates	Riyadh	None	3
A6EOU	EK 098	EK	UAE	QF 8098	FCO	LIRF	None	None	DXB	OMDB	388	A388	EST	2024-10-10T23:20:00	None	10	Emirates	Rome	None	3
A6ENJ	EK 136	EK	UAE	QF 8136	VCE	LIPZ	None	None	DXB	OMDB	77W	B77W	EST	2024-10-10T23:20:00	B17	14	Emirates	Venice	None	3
A6EPH	EK 379	EK	UAE	"AC 7607	TG 4505"	HKT	VTSP	None	None	DXB	OMDB	77W	B77W	EST	2024-10-10T23:10:00	F27	6	Emirates	Phuket	None	3
A6EES	EK 702	EK	UAE	"AC 7597	MK 910"	MRU	FIMP	None	None	DXB	OMDB	388	A388	EST	2024-10-10T23:10:00	D02	12	Emirates	Mauritius	None	3
A6FEY	FZ 006	FZ	FDB	None	DOH	OTHH	None	None	DXB	OMDB	73H	B738	EST	2024-10-10T23:10:00	E16	6	Flydubai	Doha	None	2
GZBLC	BA 107	BA	BAW	None	LHR	EGLL	None	None	DXB	OMDB	781	B78X	EST	2024-10-10T23:10:00	C54	2	British Airways	London Heathrow	None	1
A6EDM	EK 134	EK	UAE	None	DME	UUDD	None	None	DXB	OMDB	388	A388	EST	2024-10-10T23:10:00	F09	13	Emirates	Moscow	None	3
A6ECI	EK 383	EK	UAE	None	HKG	VHHH	None	None	DXB	OMDB	77W	B77W	EST	2024-10-10T23:10:00	A01	8	Emirates	Hong Kong	None	3
A6EEZ	EK 128	EK	UAE	QF 8128	VIE	LOWW	None	None	DXB	OMDB	388	A388	EST	2024-10-10T23:05:00	F10	1	Emirates	Vienna	None	3
A6FEP	FZ 990	FZ	FDB	EK 2311	VKO	UUWW	None	None	DXB	OMDB	7S8	B738	EST	2024-10-10T23:00:00	E22	2	Flydubai	Moscow	None	2
A6ECG	EK 333	EK	UAE	FZ 6333	MNL	RPLL	None	None	DXB	OMDB	77W	B77W	EST	2024-10-10T23:00:00	F21	7	Emirates	Manila	None	3
PHBQN	KL 427	KL	KLM	None	AMS	EHAM	None	None	DXB	OMDB	772	B772	EST	2024-10-10T23:00:00	C60	8	KLM	Amsterdam	None	1
A6EGH	EK 214	EK	UAE	None	BOG	SKBO	MIA	KMIA	DXB	OMDB	77W	B77W	EST	2024-10-10T23:00:00	B02	4	Emirates	Bogota	Miami	3
A6EPK	EK 180	EK	UAE	"QF 8180	GF 5419"	WAW	EPWA	None	None	DXB	OMDB	77W	B77W	EST	2024-10-10T22:55:00	G18	9	Emirates	Warsaw	None	3
None	SG 051	SG	SEJ	None	PNQ	VAPO	None	None	DXB	OMDB	73H	B738	EST	2024-10-10T22:55:00	C53L	4	SpiceJet	Pune	None	1
None	J9 119	J9	JZR	None	KWI	OKKK	None	None	DXB	OMDB	320	A320	EST	2024-10-10T22:55:00	C51L	6	Jazeera Airways	Kuwait	None	1
A6EUS	EK 262	EK	UAE	GF 5407	GRU	SBGR	None	None	DXB	OMDB	388	A388	DLU	2024-10-10T22:55:00	F19	5	Emirates	Sao Paulo	None	3
A6FPB	FZ 1450	FZ	FDB	EK 2350	SZG	LOWS	None	None	DXB	OMDB	7M8	B38M	DLU	2024-10-10T22:55:00	C31	11	Flydubai	Salzburg	None	3
A6EBR	EK 730	EK	UAE	None	EBB	HUEN	None	None	DXB	OMDB	77W	B77W	EST	2024-10-10T22:50:00	F24	3	Emirates	Entebbe	None	3
None	AI 995	AI	AIC	None	DEL	VIDP	None	None	DXB	OMDB	359	A359	EST	2024-10-10T22:45:00	C63	3	Air India	New Delhi	None	1
A6FKQ	FZ 814	FZ	FDB	None	AHB	OEAB	None	None	DXB	OMDB	7M8	B38M	EST	2024-10-10T22:45:00	E05	3	Flydubai	Abha	None	2
None	IX 343	IX	AXB	AI 9214	CCJ	VOCL	None	None	DXB	OMDB	32N	A20N	EST	2024-10-10T22:40:00	E07L	4	Air India Express	Kozhikode	None	2
A6EGL	EK 720	EK	UAE	QF 8720	NBO	HKJK	None	None	DXB	OMDB	77W	B77W	EST	2024-10-10T22:40:00	G11	2	Emirates	Nairobi	None	3
A6ENT	EK 357	EK	UAE	"BT 5810	FZ 6357	GA 8851"	CGK	WIII	None	None	DXB	OMDB	77W	B77W	EST	2024-10-10T22:40:00	B27	6	Emirates	Jakarta	None	3
None	AF 662	AF	AFR	None	CDG	LFPG	None	None	DXB	OMDB	77W	B77W	EST	2024-10-10T22:35:00	C57	5	Air France	Paris	None	1
None	GF 512	GF	GFA	KL 3157	BAH	OBBI	None	None	DXB	OMDB	320	A320	EST	2024-10-10T22:35:00	C55L	6	Gulf Air	Bahrain	None	1
None	LH 630	LH	DLH	"AC 9088	UA 8904"	FRA	EDDF	None	None	DXB	OMDB	333	A333	EST	2024-10-10T22:35:00	C64	1	Lufthansa	Frankfurt	None	1
None	QB 2210	QB	QSM	None	IKA	OIIE	None	None	DXB	OMDB	320	A320	EST	2024-10-10T22:35:00	E11R	5	Qeshm Air	Tehran	None	2
None	FG 401	FG	AFG	None	KBL	OAKB	None	None	DXB	OMDB	734	B734	EST	2024-10-10T22:35:00	E23	2	Ariana Afghan Airlines	Kabul	None	2
A6EPG	EK 587	EK	UAE	"AC 7566	FZ 6587"	DAC	VGHS	None	None	DXB	OMDB	77W	B77W	EST	2024-10-10T22:30:00	D10	5	Emirates	Dhaka	None	3
None	AI 951	AI	AIC	None	HYD	VOHS	None	None	DXB	OMDB	32N	A20N	EST	2024-10-10T22:25:00	C62	8	Air India	Hyderabad	None	1
A6FEB	FZ 576	FZ	FDB	EK 2156	KTM	VNKT	None	None	DXB	OMDB	73H	B738	EST	2024-10-10T22:25:00	E04	1	Flydubai	Kathmandu	None	2
A6FEK	FZ 882	FZ	FDB	None	TUU	OETB	None	None	DXB	OMDB	7S8	B738	EST	2024-10-10T22:20:00	E06	3	Flydubai	Tabuk	None	2
A6EPX	EK 347	EK	UAE	None	KUL	WMKK	None	None	DXB	OMDB	77W	B77W	EST	2024-10-10T22:20:00	B23	8	Emirates	Kuala Lumpur	None	3
B1468	CA 941	CA	CCA	None	PEK	ZBAA	None	None	DXB	OMDB	789	B789	EST	2024-10-10T22:20:00	C59	7	Air China	Beijing	None	1
A6FMX	FZ 1794	FZ	FDB	EK 2013	ZAG	LDZA	None	None	DXB	OMDB	7M8	B38M	DLU	2024-10-10T22:15:00	C28	11	Flydubai	Zagreb	None	3
A6EOK	EK 206	EK	UAE	"QF 8206	GA 8888"	JFK	KJFK	MXP	LIMC	DXB	OMDB	388	A388	EST	2024-10-10T22:10:00	F18	12	Emirates	New York	Milan	3
A6ECZ	EK 922	EK	UAE	MK 9925	CAI	HECA	None	None	DXB	OMDB	77W	B77W	EST	2024-10-10T22:00:00	B04	14	Emirates	Cairo	None	3
B7878	CA 451	CA	CCA	None	CKG	ZUCK	None	None	DXB	OMDB	789	B789	EST	2024-10-10T22:00:00	C56	4	Air China	Chongqing	None	1
A6FKR	FZ 868	FZ	FDB	"AC 7550	EK 2283	UA 6529"	DMM	OEDF	None	None	DXB	OMDB	7M8	B38M	EST	2024-10-10T22:00:00	E25	6	Flydubai	Dammam	None	2
VTANS	AI 983	AI	AIC	None	BOM	VABB	None	None	DXB	OMDB	788	B788	EST	2024-10-10T21:55:00	C61	7	Air India	Mumbai	None	1
A6FME	FZ 1574	FZ	FDB	EK 2141	BGY	LIME	None	None	DXB	OMDB	7M8	B38M	DLU	2024-10-10T21:55:00	C35	10	Flydubai	Milan Bergamo	None	3
HZNS77	XY 209	XY	KNE	None	RUH	OERK	None	None	DXB	OMDB	32N	A20N	EST	2024-10-10T21:55:00	C19	6	Flynas	Riyadh	None	1
A6FKO	FZ 048	FZ	FDB	"AC 7543	EK 2037	UA 6515"	MCT	OOMS	None	None	DXB	OMDB	7M8	B38M	EST	2024-10-10T21:55:00	E13	2	Flydubai	Muscat	None	2
A6EEP	EK 124	EK	UAE	QF 8124	IST	LTFM	None	None	DXB	OMDB	388	A388	EST	2024-10-10T21:50:00	D03	1	Emirates	Istanbul	None	3
A6ECA	EK 726	EK	UAE	"AC 7594	UA 6601"	DAR	HTDA	None	None	DXB	OMDB	77W	B77W	EST	2024-10-10T21:50:00	G07	3	Emirates	Dar Es Salaam	None	3
HZFBE	F3 513	F3	FAD	None	RUH	OERK	None	None	DXB	OMDB	32N	A20N	EST	2024-10-10T21:45:00	C20	2	Flyadeal	Riyadh	None	1
A6FNA	FZ 830	FZ	FDB	"AC 7552	EK 2069	UA 6519"	JED	OEJN	None	None	DXB	OMDB	7M9	B39M	EST	2024-10-10T21:45:00	E12R	1	Flydubai	Jeddah	None	2
VTIIV	6E 1467	6E	IGO	None	IXE	VOML	None	None	DXB	OMDB	32N	A20N	EST	2024-10-10T21:45:00	C55R	1	IndiGo	Mangalore	None	1
A6ECO	EK 146	EK	UAE	QF 8146	AMS	EHAM	None	None	DXB	OMDB	77W	B77W	EST	2024-10-10T21:45:00	B03	9	Emirates	Amsterdam	None	3
A6FEE	FZ 064	FZ	FDB	EK 2051	KWI	OKKK	None	None	DXB	OMDB	73H	B738	EST	2024-10-10T21:45:00	E08	4	Flydubai	Kuwait	None	2
None	UL 225	UL	ALK	None	CMB	VCBI	None	None	DXB	OMDB	333	A333	EST	2024-10-10T21:40:00	C58	3	SriLankan Airlines	Colombo	None	1
BKQE	CX 731	CX	CPA	None	HKG	VHHH	None	None	DXB	OMDB	77W	B77W	EST	2024-10-10T21:35:00	C52	1	Cathay Pacific	Hong Kong	None	1
A6FMC	FZ 1798	FZ	FDB	EK 2245	OTP	LROP	None	None	DXB	OMDB	7M8	B38M	DLU	2024-10-10T21:35:00	C34	7	Flydubai	Bucharest	None	3
A6FMB	FZ 1746	FZ	FDB	EK 2221	BEG	LYBE	None	None	DXB	OMDB	7M8	B38M	DLU	2024-10-10T21:35:00	C33	13	Flydubai	Belgrade	None	3
HZAS74	SV 594	SV	SVA	"MU 8991	CZ 7898"	JED	OEJN	None	None	DXB	OMDB	32A	A320	EST	2024-10-10T21:30:00	C51R	7	Saudia	Jeddah	None	1
VTEXV	AI 905	AI	AIC	None	MAA	VOMM	None	None	DXB	OMDB	32N	A20N	EST	2024-10-10T21:30:00	C53R	4	Air India	Chennai	None	1
XU729	SG 005	SG	SEJ	None	DEL	VIDP	None	None	DXB	OMDB	320	A320	EST	2024-10-10T21:30:00	C46	5	SpiceJet	New Delhi	None	1
A7BHR	QR 1014	QR	QTR	None	DOH	OTHH	None	None	DXB	OMDB	789	B789	EST	2024-10-10T21:25:00	C45	8	Qatar Airways	Doha	None	1
A6EPM	EK 661	EK	UAE	None	MLE	VRMM	None	None	DXB	OMDB	77W	B77W	EST	2024-10-10T21:25:00	F19	11	Emirates	Male	None	3
None	WY 611	WY	OMA	"MH 5238	OV 8075"	MCT	OOMS	None	None	DXB	OMDB	7M8	B38M	EST	2024-10-10T21:25:00	C48	2	Oman Air	Muscat	None	1
VTIZQ	6E 1475	6E	IGO	None	COK	VOCI	None	None	DXB	OMDB	32N	A20N	EST	2024-10-10T21:20:00	C54L	6	IndiGo	Kochi	None	1
VTAXR	IX 541	IX	AXB	AI 9232	TRV	VOTV	None	None	DXB	OMDB	73H	B738	EST	2024-10-10T21:20:00	E07R	6	Air India Express	Thiruvananthapuram	None	2
A6ENF	EK 810	EK	UAE	UA 6583	MED	OEMA	None	None	DXB	OMDB	77W	B77W	EST	2024-10-10T21:15:00	B06	6	Emirates	Medina	None	3
A6FGE	FZ 898	FZ	FDB	"AC 7540	EK 2301	UA 6513"	MED	OEMA	None	None	DXB	OMDB	73H	B738	EST	2024-10-10T21:15:00	E05	3	Flydubai	Medina	None	2
A6FKL	FZ 906	FZ	FDB	EK 2411	ULH	OEAO	None	None	DXB	OMDB	7M8	B38M	EST	2024-10-10T21:15:00	E29	5	Flydubai	Al-Ula	None	2
HBJHM	LX 242	LX	SWR	UA 9732	ZRH	LSZH	None	None	DXB	OMDB	333	A333	EST	2024-10-10T21:05:00	C49	3	Swiss	Zurich	None	1
A6FGJ	FZ 824	FZ	FDB	None	YNB	OEYN	None	None	DXB	OMDB	7S8	B738	EST	2024-10-10T21:05:00	E09L	1	Flydubai	Yanbu	None	2
VTIKN	6E 1455	6E	IGO	None	BOM	VABB	None	None	DXB	OMDB	32N	A20N	EST	2024-10-10T21:05:00	C54R	4	IndiGo	Mumbai	None	1
A6EOG	EK 904	EK	UAE	"QF 8904	UA 6599"	AMM	OJAI	None	None	DXB	OMDB	388	A388	DLU	2024-10-10T21:05:00	F20	2	Emirates	Amman	None	3
HZAQ27	SV 552	SV	SVA	"KL 8303	MU 8993	CZ 7895"	RUH	OERK	None	None	DXB	OMDB	333	A333	EST	2024-10-10T21:00:00	C50	8	Saudia	Riyadh	None	1
A6EWG	EK 503	EK	UAE	None	BOM	VABB	None	None	DXB	OMDB	77L	B77L	EST	2024-10-10T21:00:00	D10	8	Emirates	Mumbai	None	3
B2727	CZ 3041	CZ	CSN	None	WUH	ZHHH	None	None	DXB	OMDB	788	B788	EST	2024-10-10T20:55:00	C43	4	China Southern Airlines	Wuhan	None	1
A6FMF	FZ 1682	FZ	FDB	EK 2392	NAP	LIRN	None	None	DXB	OMDB	7M8	B38M	EST	2024-10-10T20:55:00	C30	7	Flydubai	Naples	None	3
None	XY 509	XY	KNE	None	JED	OEJN	None	None	DXB	OMDB	32N	A20N	EST	2024-10-10T20:55:00	C55L	7	Flynas	Jeddah	None	1
None	KU 675	KU	KAC	None	KWI	OKKK	None	None	DXB	OMDB	77W	B77W	EST	2024-10-10T20:55:00	C59	None	Kuwait Airways	Kuwait	None	1
A7BAG	QR 1018	QR	QTR	None	DOH	OTHH	None	None	DXB	OMDB	77W	B77W	EST	2024-10-10T20:55:00	C44	2	Qatar Airways	Doha	None	1
A6FEM	FZ 034	FZ	FDB	"EK 2027	UA 6509"	SLL	OOSA	None	None	DXB	OMDB	7S8	B738	EST	2024-10-10T20:50:00	Q02	4	Flydubai	Salalah	None	2
A6FKA	FZ 028	FZ	FDB	EK 2021	BAH	OBBI	None	None	DXB	OMDB	7M8	B38M	EST	2024-10-10T20:45:00	E12L	2	Flydubai	Bahrain	None	2
A6FMN	FZ 708	FZ	FDB	EK 2197	GYD	UBBB	None	None	DXB	OMDB	7M8	B38M	DLU	2024-10-10T20:45:00	C35	3	Flydubai	Baku	None	2
RPC3905	5J 014	5J	CEB	None	MNL	RPLL	None	None	DXB	OMDB	339	A339	EST	2024-10-10T20:40:00	C64	5	Cebu Pacific	Manila	None	1
None	ME 428	ME	MEA	None	BEY	OLBA	None	None	DXB	OMDB	332	A332	EST	2024-10-10T20:40:00	C63	1	Middle East Airlines	Beirut	None	1
9HWAI	W4 3267	W4	WMT	None	OTP	LROP	None	None	DXB	OMDB	32Q	A21N	DLU	2024-10-10T20:40:00	E01	None	Wizz Air Malta	Bucharest	None	2
None	RJ 614	RJ	RJA	None	AMM	OJAI	None	None	DXB	OMDB	788	B788	EST	2024-10-10T20:35:00	C62	6	Royal Jordanian	Amman	None	1
A6FMD	FZ 1634	FZ	FDB	None	MSQ	UMMS	None	None	DXB	OMDB	7M8	B38M	DLU	2024-10-10T20:35:00	C33	5	Flydubai	MINSK-2	None	3
A6FPE	FZ 010	FZ	FDB	None	DOH	OTHH	None	None	DXB	OMDB	7M8	B38M	EST	2024-10-10T20:35:00	C32	6	Flydubai	Doha	None	2
A6FMP	FZ 1788	FZ	FDB	EK 2434	KRK	EPKK	None	None	DXB	OMDB	7M8	B38M	DLU	2024-10-10T20:30:00	C40	4	Flydubai	Krakow	None	3
A6FKI	FZ 550	FZ	FDB	EK 2148	CMB	VCBI	None	None	DXB	OMDB	7M8	B38M	EST	2024-10-10T20:30:00	E10R	5	Flydubai	Colombo	None	2
HZFAL	F3 511	F3	FAD	None	RUH	OERK	None	None	DXB	OMDB	32N	A20N	EST	2024-10-10T20:25:00	C53L	2	Flyadeal	Riyadh	None	1
A6EWH	EK 858	EK	UAE	UA 6573	KWI	OKKK	None	None	DXB	OMDB	77L	B77L	EST	2024-10-10T20:25:00	A07	5	Emirates	Kuwait	None	3
None	W5 065	W5	IRM	None	IKA	OIIE	None	None	DXB	OMDB	343	A343	CXX	2024-10-10T20:25:00	C61	None	Mahan Air	Tehran	None	1
A6EPZ	EK 826	EK	UAE	QF 8826	DMM	OEDF	None	None	DXB	OMDB	77W	B77W	EST	2024-10-10T20:25:00	F21	12	Emirates	Dammam	None	3
A6FKN	FZ 1946	FZ	FDB	EK 2457	TAS	UTTT	None	None	DXB	OMDB	7M8	B38M	EST	2024-10-10T20:20:00	C29	14	Flydubai	Tashkent	None	3
A6FPC	FZ 1082	FZ	FDB	None	TLV	LLBG	None	None	DXB	OMDB	7M8	B38M	EST	2024-10-10T20:15:00	F09	13	Flydubai	Tel Aviv	None	3
None	GF 510	GF	GFA	CX 1950	BAH	OBBI	None	None	DXB	OMDB	32Q	A21N	EST	2024-10-10T20:15:00	C61	7	Gulf Air	Bahrain	None	1
YAKMY	RQ 901	RQ	KMF	None	KBL	OAKB	None	None	DXB	OMDB	343	A343	EST	2024-10-10T20:10:00	C47	8	Kam Air	Kabul	None	1
A6EUP	EK 022	EK	UAE	"QF 8022	GA 8844"	MAN	EGCC	None	None	DXB	OMDB	388	A388	DLU	2024-10-10T20:00:00	D01	10	Emirates	Manchester	None	3
A6EEO	EK 072	EK	UAE	"QF 8072	GA 8858"	CDG	LFPG	None	None	DXB	OMDB	388	A388	EST	2024-10-10T20:00:00	D06	4	Emirates	Paris	None	3
A6EOS	EK 012	EK	UAE	QF 8012	LGW	EGKK	None	None	DXB	OMDB	388	A388	EST	2024-10-10T20:00:00	D04	1	Emirates	London Gatwick	None	3
A6EWD	EK 840	EK	UAE	"QF 8840	AC 7582	UA 6597"	BAH	OBBI	None	None	DXB	OMDB	77L	B77L	EST	2024-10-10T20:00:00	A04	3	Emirates	Bahrain	None	3
A6FET	FZ 144	FZ	FDB	EK 2057	AMM	OJAI	None	None	DXB	OMDB	73H	B738	EST	2024-10-10T20:00:00	E07L	1	Flydubai	Amman	None	2
B6535	3U 3781	3U	CSC	None	INC	ZLIC	None	None	DXB	OMDB	332	A332	EST	2024-10-10T19:55:00	C57	3	Sichuan Airlines	Yinchuan	None	1
None	6E 1463	6E	IGO	None	DEL	VIDP	None	None	DXB	OMDB	32N	A20N	EST	2024-10-10T19:50:00	C54L	5	IndiGo	New Delhi	None	1
A6FEG	FZ 618	FZ	FDB	EK 2166	JIB	HDAM	None	None	DXB	OMDB	73H	B738	EST	2024-10-10T19:50:00	E12R	3	Flydubai	Djibouti	None	2
HZFAU	F3 509	F3	FAD	None	RUH	OERK	None	None	DXB	OMDB	32N	A20N	EST	2024-10-10T19:50:00	C64	1	Flyadeal	Riyadh	None	1
VTBXR	IX 173	IX	AXB	None	STV	VASU	None	None	DXB	OMDB	7M8	B38M	EST	2024-10-10T19:45:00	E09L	4	Air India Express	Surat	None	2
A6EVD	EK 212	EK	UAE	None	IAH	KIAH	None	None	DXB	OMDB	388	A388	EST	2024-10-10T19:45:00	F06	11	Emirates	Houston	None	3
None	XY 505	XY	KNE	None	JED	OEJN	None	None	DXB	OMDB	32N	A20N	EST	2024-10-10T19:45:00	C53R	2	Flynas	Jeddah	None	1
CFVLU	AC 056	AC	ACA	None	YYZ	CYYZ	None	None	DXB	OMDB	789	B789	DLU	2024-10-10T19:45:00	F07	6	Air Canada	Toronto	None	3
A6EEU	EK 202	EK	UAE	None	JFK	KJFK	None	None	DXB	OMDB	388	A388	EST	2024-10-10T19:45:00	F18	9	Emirates	New York	None	3
A6EVK	EK 226	EK	UAE	None	SFO	KSFO	None	None	DXB	OMDB	388	A388	EST	2024-10-10T19:40:00	A03	3	Emirates	San Francisco	None	3
A6MAX	FZ 752	FZ	FDB	EK 2225	SAW	LTFJ	None	None	DXB	OMDB	7M8	B38M	DLU	2024-10-10T19:35:00	C34	5	Flydubai	Istanbul Sabiha	None	2
A6FEV	FZ 926	FZ	FDB	None	HAS	OEHL	None	None	DXB	OMDB	7S8	B738	EST	2024-10-10T19:35:00	E04	6	Flydubai	Hail	None	2
A6EUK	EK 216	EK	UAE	None	LAX	KLAX	None	None	DXB	OMDB	388	A388	EST	2024-10-10T19:30:00	D09	2	Emirates	Los Angeles	None	3
APBOK	PK 223	PK	PIA	None	LYP	OPFA	None	None	DXB	OMDB	32A	A320	EST	2024-10-10T19:30:00	C51R	6	Pakistan International Airlines	Faisalabad	None	1
None	XY 203	XY	KNE	None	RUH	OERK	None	None	DXB	OMDB	32N	A20N	EST	2024-10-10T19:30:00	C50	7	Flynas	Riyadh	None	1
HZASAH	SV 550	SV	SVA	"CZ 7896	KE 6684"	JED	OEJN	None	None	DXB	OMDB	32Q	A21N	EST	2024-10-10T19:30:00	C48	2	Saudia	Jeddah	None	1
None	PA 110	PA	ABQ	None	KHI	OPKC	None	None	DXB	OMDB	320	A320	EST	2024-10-10T19:25:00	C55L	8	Airblue	Karachi	None	1
A6FQD	FZ 222	FZ	FDB	EK 2077	NJF	ORNI	None	None	DXB	OMDB	7M8	B38M	EST	2024-10-10T19:25:00	E09R	5	Flydubai	Najaf	None	2
A6FKP	FZ 1824	FZ	FDB	None	IKA	OIIE	None	None	DXB	OMDB	7M8	B38M	EST	2024-10-10T19:20:00	C21	8	Flydubai	Tehran	None	3
A6EQG	EK 238	EK	UAE	None	BOS	KBOS	None	None	DXB	OMDB	77W	B77W	EST	2024-10-10T19:20:00	B18L	12	Emirates	Boston	None	3
A6FES	FZ 308	FZ	FDB	EK 2178	KBL	OAKB	None	None	DXB	OMDB	7S8	B738	EST	2024-10-10T19:20:00	E05	1	Flydubai	Kabul	None	2
A6FMT	FZ 018	FZ	FDB	None	DOH	OTHH	None	None	DXB	OMDB	7M8	B38M	EST	2024-10-10T19:20:00	E11R	2	Flydubai	Doha	None	2
A6EPO	EK 044	EK	UAE	QF 8044	FRA	EDDF	None	None	DXB	OMDB	77W	B77W	EST	2024-10-10T19:15:00	A01	13	Emirates	Frankfurt	None	3
A6FKJ	FZ 212	FZ	FDB	EK 2073	BGW	ORBI	None	None	DXB	OMDB	7M8	B38M	EST	2024-10-10T19:15:00	E11L	3	Flydubai	Baghdad	None	2
A6EVL	EK 008	EK	UAE	QF 8008	LHR	EGLL	None	None	DXB	OMDB	388	A388	DLU	2024-10-10T19:10:00	A08	7	Emirates	London Heathrow	None	3
A6EQF	EK 236	EK	UAE	None	ORD	KORD	None	None	DXB	OMDB	77W	B77W	EST	2024-10-10T19:10:00	A10	14	Emirates	Chicago	None	3
B8426	CZ 8057	CZ	CSN	3U 7123	CAN	ZGGG	None	None	DXB	OMDB	333	A333	EST	2024-10-10T19:05:00	C58	4	China Southern Airlines	Guangzhou	None	1
A6FKT	FZ 204	FZ	FDB	EK 2071	EBL	ORER	None	None	DXB	OMDB	7M8	B38M	EST	2024-10-10T19:05:00	E10L	5	Flydubai	Erbil	None	2
A6FKM	FZ 060	FZ	FDB	EK 2049	KWI	OKKK	None	None	DXB	OMDB	7M8	B38M	EST	2024-10-10T19:05:00	E21	4	Flydubai	Kuwait	None	2
HZAQ25	SV 560	SV	SVA	"CZ 7900	KE 6682"	RUH	OERK	None	None	DXB	OMDB	333	A333	EST	2024-10-10T19:00:00	C49	1	Saudia	Riyadh	None	1
B208P	MU 755	MU	CES	SV 6836	KMG	ZPPP	None	None	DXB	OMDB	789	B789	EST	2024-10-10T19:00:00	C59	3	China Eastern Airlines	Kunming	None	1
VTANN	AI 915	AI	AIC	None	DEL	VIDP	None	None	DXB	OMDB	788	B788	EST	2024-10-10T19:00:00	C52	5	Air India	New Delhi	None	1
HZNS86	XY 207	XY	KNE	None	RUH	OERK	None	None	DXB	OMDB	32N	A20N	EST	2024-10-10T18:55:00	C53L	4	Flynas	Riyadh	None	1
None	OV 247	OV	OMS	WY 5170	MCT	OOMS	None	None	DXB	OMDB	32N	A20N	EST	2024-10-10T18:55:00	E12L	6	SalamAir	Muscat	None	2
HL8083	KE 951	KE	KAL	"EK 3483	SV 6612"	ICN	RKSI	None	None	DXB	OMDB	789	B789	EST	2024-10-10T18:55:00	C60	7	Korean Air	Seoul Incheon	None	1
A6FEC	FZ 804	FZ	FDB	None	EAM	OENG	None	None	DXB	OMDB	7S8	B738	EST	2024-10-10T18:55:00	E06	1	Flydubai	Najran	None	2
None	XY 507	XY	KNE	None	JED	OEJN	None	None	DXB	OMDB	32N	A20N	EST	2024-10-10T18:40:00	C55R	8	Flynas	Jeddah	None	1
VTIPJ	6E 1481	6E	IGO	None	IXC	VICG	None	None	DXB	OMDB	32N	A20N	EST	2024-10-10T18:40:00	C51L	None	IndiGo	Chandigarh	None	1
A6FGC	FZ 318	FZ	FDB	EK 2356	MUX	OPMT	None	None	DXB	OMDB	7S8	B738	EST	2024-10-10T18:40:00	E27	3	Flydubai	Multan	None	2
None	J9 125	J9	JZR	None	KWI	OKKK	None	None	DXB	OMDB	32N	A20N	EST	2024-10-10T18:40:00	C43	6	Jazeera Airways	Kuwait	None	1
A6FEJ	FZ 712	FZ	FDB	EK 2201	TBS	UGTB	None	None	DXB	OMDB	73H	B738	EST	2024-10-10T18:35:00	E14	4	Flydubai	Tbilisi	None	2
N78009	UA 164	UA	UAL	None	EWR	KEWR	None	None	DXB	OMDB	772	B772	EST	2024-10-10T18:35:00	B25	4	United Airlines	Newark	None	3
A6FER	FZ 540	FZ	FDB	EK 2447	KTM	VNKT	None	None	DXB	OMDB	73H	B738	EST	2024-10-10T18:35:00	E07R	5	Flydubai	Kathmandu	None	2
HZNS85	XY 791	XY	KNE	None	MED	OEMA	None	None	DXB	OMDB	32N	A20N	EST	2024-10-10T18:30:00	C54L	2	Flynas	Medina	None	1
A6EPY	EK 230	EK	UAE	None	SEA	KSEA	None	None	DXB	OMDB	77W	B77W	EST	2024-10-10T18:30:00	B27	5	Emirates	Seattle	None	3
9VSHN	SQ 494	SQ	SIA	"NZ 3274	ET 1301"	SIN	WSSS	None	None	DXB	OMDB	359	A359	EST	2024-10-10T18:25:00	C57	8	Singapore Airlines	Singapore	None	1
None	SG 015	SG	SEJ	None	AMD	VAAH	None	None	DXB	OMDB	73H	B738	EST	2024-10-10T18:25:00	C44	3	SpiceJet	Ahmedabad	None	1
VTAXT	IX 191	IX	AXB	AI 9423	ATQ	VIAR	None	None	DXB	OMDB	73H	B738	EST	2024-10-10T18:20:00	E08	2	Air India Express	Amritsar	None	2
A6FGG	FZ 620	FZ	FDB	EK 2170	EBB	HUEN	None	None	DXB	OMDB	7S8	B738	EST	2024-10-10T18:20:00	E10R	3	Flydubai	Entebbe	None	2
A6FKH	FZ 928	FZ	FDB	None	RSI	OERS	None	None	DXB	OMDB	7M8	B38M	EST	2024-10-10T18:20:00	E29	6	Flydubai	Red Sea	None	2
VTTVC	UK 201	UK	VTI	AI 6477	BOM	VABB	None	None	DXB	OMDB	32Q	A21N	EST	2024-10-10T18:15:00	C50	5	Vistara	Mumbai	None	1
None	XY 211	XY	KNE	None	RUH	OERK	None	None	DXB	OMDB	32N	A20N	EST	2024-10-10T18:15:00	C54R	6	Flynas	Riyadh	None	1
A6FKS	FZ 1938	FZ	FDB	EK 2303	IKA	OIIE	None	None	DXB	OMDB	7M8	B38M	EST	2024-10-10T18:15:00	C33	3	Flydubai	Tehran	None	3
A6FEO	FZ 922	FZ	FDB	None	TIF	OETF	None	None	DXB	OMDB	73H	B738	EST	2024-10-10T18:10:00	C35	5	Flydubai	Taif	None	2
None	GF 508	GF	GFA	CX 1948	BAH	OBBI	None	None	DXB	OMDB	32N	A20N	EST	2024-10-10T18:10:00	C55L	2	Gulf Air	Bahrain	None	1
A6EQD	EK 517	EK	UAE	None	DEL	VIDP	None	None	DXB	OMDB	77W	B77W	EST	2024-10-10T18:10:00	D10	10	Emirates	New Delhi	None	3
APEDG	PA 810	PA	ABQ	None	MUX	OPMT	None	None	DXB	OMDB	32A	A320	EST	2024-10-10T18:05:00	C53R	1	Airblue	Multan	None	1
A6FEY	FZ 836	FZ	FDB	None	HOF	OEAH	None	None	DXB	OMDB	73H	B738	EST	2024-10-10T18:05:00	E07L	5	Flydubai	Al-Ahsa	None	2
A6FMG	FZ 662	FZ	FDB	EK 2183	HGA	HCMH	None	None	DXB	OMDB	7M8	B38M	EST	2024-10-10T18:00:00	E01	3	Flydubai	Hargeisa	None	2
RPC8782	PR 658	PR	PAL	None	MNL	RPLL	None	None	DXB	OMDB	333	A333	EST	2024-10-10T18:00:00	C61	4	Philippine Airlines	Manila	None	1
None	MS 905	MS	MSR	SQ 6045	CAI	HECA	None	None	DXB	OMDB	32N	A20N	EST	2024-10-10T18:00:00	C45	3	EgyptAir	Cairo	None	1
A6FKD	FZ 022	FZ	FDB	EK 2015	BAH	OBBI	None	None	DXB	OMDB	7M8	B38M	EST	2024-10-10T17:55:00	E16	2	Flydubai	Bahrain	None	2
VTEXH	AI 919	AI	AIC	None	BOM	VABB	None	None	DXB	OMDB	32N	A20N	EST	2024-10-10T17:55:00	C51R	5	Air India	Mumbai	None	1
9KAPG	KU 673	KU	KAC	TG 4720	KWI	OKKK	None	None	DXB	OMDB	338	A338	EST	2024-10-10T17:55:00	C41	7	Kuwait Airways	Kuwait	None	1
A6FMM	FZ 044	FZ	FDB	EK 2033	MCT	OOMS	None	None	DXB	OMDB	7M8	B38M	EST	2024-10-10T17:55:00	C32	4	Flydubai	Muscat	None	2
A6FEU	FZ 336	FZ	FDB	"AC 7545	EK 2113"	KHI	OPKC	None	None	DXB	OMDB	7S8	B738	EST	2024-10-10T17:55:00	E04	1	Flydubai	Karachi	None	2
A6FKF	FZ 864	FZ	FDB	EK 2279	DMM	OEDF	None	None	DXB	OMDB	7M8	B38M	EST	2024-10-10T17:50:00	E03	6	Flydubai	Dammam	None	2
A6FGB	FZ 244	FZ	FDB	EK 2432	BND	OIKB	None	None	DXB	OMDB	7S8	B738	EST	2024-10-10T17:45:00	Q08	3	Flydubai	Bandar Abbas	None	2
A6FGI	FZ 1932	FZ	FDB	None	IKA	OIIE	None	None	DXB	OMDB	7S8	B738	DLU	2024-10-10T17:45:00	C37	None	Flydubai	Tehran	None	3
A6FQA	FZ 252	FZ	FDB	EK 2083	MHD	OIMM	None	None	DXB	OMDB	7M8	B38M	DLU	2024-10-10T17:45:00	E15	1	Flydubai	Mashhad	None	2
A6FKC	FZ 1212	FZ	FDB	EK 2364	TLV	LLBG	None	None	DXB	OMDB	7M8	B38M	DLU	2024-10-10T17:45:00	C29	13	Flydubai	Tel Aviv	None	3
A6FMH	FZ 274	FZ	FDB	None	IFN	OIFM	None	None	DXB	OMDB	7M8	B38M	EST	2024-10-10T17:45:00	E02	5	Flydubai	Isfahan	None	2
A6FPA	FZ 914	FZ	FDB	None	AJF	OESK	None	None	DXB	OMDB	7M8	B38M	EST	2024-10-10T17:45:00	C39	4	Flydubai	Al Jouf	None	2
A6EEG	EK 928	EK	UAE	"QF 8928	CZ 7873"	CAI	HECA	None	None	DXB	OMDB	388	A388	EST	2024-10-10T17:30:00	D05	2	Emirates	Cairo	None	3
B1041	MU 245	MU	CES	SV 6832	PVG	ZSPD	None	None	DXB	OMDB	333	A333	EST	2024-10-10T17:25:00	C58	6	China Eastern Airlines	Shanghai	None	1
A6FMI	FZ 206	FZ	FDB	EK 2081	ISU	ORSU	None	None	DXB	OMDB	7M8	B38M	EST	2024-10-10T17:25:00	C34	6	Flydubai	Sulaymaniyah	None	2
A6FKG	FZ 056	FZ	FDB	EK 2151	KWI	OKKK	None	None	DXB	OMDB	7M8	B38M	EST	2024-10-10T17:20:00	Q05	1	Flydubai	Kuwait	None	2
A6EGB	EK 507	EK	UAE	None	BOM	VABB	None	None	DXB	OMDB	77W	B77W	EST	2024-10-10T17:20:00	B15	5	Emirates	Mumbai	None	3
4XECB	LY 973	LY	ELY	None	TLV	LLBG	None	None	DXB	OMDB	772	B772	EST	2024-10-10T17:15:00	C64	4	El Al	Tel Aviv	None	1
VTAYD	IX 435	IX	AXB	AI 9429	COK	VOCI	None	None	DXB	OMDB	73H	B738	EST	2024-10-10T17:05:00	E09L	2	Air India Express	Kochi	None	2
A6FMQ	FZ 1836	FZ	FDB	None	WAW	EPWA	None	None	DXB	OMDB	7M8	B38M	DLU	2024-10-10T17:05:00	C18	7	Flydubai	Warsaw	None	3
A6ENG	EK 902	EK	UAE	None	AMM	OJAI	None	None	DXB	OMDB	77W	B77W	EST	2024-10-10T16:55:00	F24	4	Emirates	Amman	None	3
